config,prec_mean,prec_std,rec_mean,rec_std,f1_mean,f1_std,mae_mean
cont>collab>dem,0.37093287635301,0.2285059628150588,0.6889086755745022,0.2237858824343757,0.4386009949280327,0.24764072152686828,2.4210518246971984
dem+cont,0.3562752528469645,0.22564645865284025,0.6529172050809952,0.23658147218984216,0.41591354457500385,0.2413910592854486,2.409152706667556
contenido,0.34981731024075013,0.2268526787098875,0.5473813162476636,0.2443539652625994,0.3735314565993747,0.21902256752353733,2.5930112441714717
cont+collab,0.3597240594207833,0.2253090873455111,0.4947465055749484,0.24341189166374327,0.3550753675112499,0.20440078562255676,2.51639980592759
colaborativo,0.5162402105507506,0.3266703847503776,0.29944457745290165,0.23164759234563437,0.34547510896468103,0.24538625462007957,2.0252670912799866
dem+collab,0.5147370137594601,0.32631994091822253,0.30014880280501427,0.23229812927823515,0.3453166564900937,0.2455033350154528,2.0088798334633124
demográfico,0.38319327731092434,0.24406150837852553,0.11799580986658671,0.09180936797792118,0.16941696359838604,0.12174624777757956,2.5383934274205324
